Index,URL
1,https://www.redfin.com/MA/Boston/290-Columbus-Ave-02116/unit-3/home/11838792
2,https://www.redfin.com/MA/Hyde-Park/77-West-St-02136/home/9126677
3,https://www.redfin.com/MA/Roxbury/15-Millmont-St-02119/unit-1/home/146050784
4,https://www.redfin.com/MA/Jamaica-Plain/254-Arborway-02130/unit-1/home/9309926
5,https://www.redfin.com/MA/Chelsea/34-Tremont-St-02150/unit-16/home/9001765
6,https://www.redfin.com/MA/Boston/166-Terrace-St-02120/unit-411/home/192436931
7,https://www.redfin.com/MA/Boston/28-Atlantic-Ave-02110/unit-415/home/147822100
8,https://www.redfin.com/MA/West-Roxbury/97-Anderer-Ln-02132/unit-308/home/9201071
9,https://www.redfin.com/MA/Roslindale/81-Bradwood-St-02131/home/9173360
10,https://www.redfin.com/MA/Brighton/104-Parsons-St-02135/home/9021718
11,https://www.redfin.com/MA/Boston/425-Newbury-St-02115/home/179499848
12,https://www.redfin.com/MA/South-Boston/641-E-6th-St-02127/home/9192725
13,https://www.redfin.com/MA/Dorchester/967-Blue-Hill-Ave-02124/home/9095943
14,https://www.redfin.com/MA/Boston/425-Lagrange-St-02132/unit-310/home/193261028
15,https://www.redfin.com/MA/South-Boston/867-E-1st-St-02127/unit-SF/home/193260639
16,https://www.redfin.com/MA/South-Boston/867-E-1st-St-02127/home/85680814
17,https://www.redfin.com/MA/Boston/457-W-Broadway-02127/unit-209/home/175462488
18,https://www.redfin.com/MA/West-Roxbury/123-Church-St-02132/home/9226053
19,https://www.redfin.com/MA/Roslindale/18-Farquhar-St-02131/home/9170247
20,https://www.redfin.com/MA/Jamaica-Plain/1000-Centre-St-02130/unit-4/home/9153017
21,https://www.redfin.com/MA/West-Roxbury/6-Starling-St-02132/home/193257153
22,https://www.redfin.com/MA/Boston/106-Glenway-St-02121/unit-2/home/186041442
23,https://www.redfin.com/MA/Jamaica-Plain/81-Arborway-02130/home/9149024
24,https://www.redfin.com/MA/Dorchester/46-Adams-St-02122/unit-C4/home/9081701
25,https://www.redfin.com/MA/Boston/3520-Washington-St-02130/home/171967620
26,https://www.redfin.com/MA/Brighton/57-Gerrish-St-02135/home/9007927
27,https://www.redfin.com/MA/Boston/3-Claremont-Park-02118/unit-5/home/9283408
28,https://www.redfin.com/MA/West-Roxbury/49-Brook-Farm-Rd-02132/home/9207401
29,https://www.redfin.com/MA/Brookline/33-Pond-Ave-02445/unit-1208/home/11487250
30,https://www.redfin.com/MA/Hyde-Park/56-58-Warren-Ave-02136/unit-56/home/193249151
31,https://www.redfin.com/MA/West-Roxbury/20-Sunset-Hill-Rd-02132/home/9226099
32,https://www.redfin.com/MA/Boston/173-School-St-02119/unit-1/home/193249147
33,https://www.redfin.com/MA/West-Roxbury/43-Avalon-Rd-02132/home/9207020
34,https://www.redfin.com/MA/Charlestown/56-Belmont-St-02129/unit-3/home/148722982
35,https://www.redfin.com/MA/Boston/240-Devonshire-St-02110/unit-5210/home/193238314
36,https://www.redfin.com/MA/Boston/240-Devonshire-St-02110/unit-5608/home/193238171
37,https://www.redfin.com/MA/Roxbury/604-Massachusetts-Ave-02118/unit-4/home/9290471
38,https://www.redfin.com/MA/Dorchester/53-Holborn-St-02121/home/171581539
39,https://www.redfin.com/MA/Roxbury/41-43-Harold-St-02119/home/193224907
40,https://www.redfin.com/MA/Dorchester/159-161-Townsend-St-02121/home/190644653
41,https://www.redfin.com/MA/Charlestown/46-Washington-St-02129/unit-2/home/17581451
42,https://www.redfin.com/MA/Allston/18-Sawyer-Ter-02134/home/8989668
43,https://www.redfin.com/MA/Mattapan/584-Harvard-St-02126/home/9159018
44,https://www.redfin.com/MA/Roslindale/289-Walk-Hill-St-02131/home/145578915
45,https://www.redfin.com/MA/Boston/4-Battery-Wharf-02109/unit-4604/home/14155863
46,https://www.redfin.com/MA/Dorchester-Center/16-18-Bloomfield-St-02124/home/193222704
47,https://www.redfin.com/MA/Allston/15-North-Beacon-St-02134/unit-104/home/8987746
48,https://www.redfin.com/MA/Boston/20-Rowes-Wharf-02110/unit-702/home/9229942
49,https://www.redfin.com/MA/Boston/63-Melcher-St-02210/unit-208/home/145895521
50,https://www.redfin.com/MA/Roxbury/30-Edgewood-St-02119/home/11736333
51,https://www.redfin.com/MA/Dorchester/33-Stockton-St-02124/home/9090835
52,https://www.redfin.com/MA/Roslindale/529-Poplar-St-02131/home/9181074
53,https://www.redfin.com/MA/Hyde-Park/714-Truman-Hwy-02136/home/9129485
54,https://www.redfin.com/MA/Boston/25-Channel-Ctr-St-02210/unit-106/home/9330090
55,https://www.redfin.com/MA/South-Boston/728-E-8th-St-02127/unit-2/home/9227718
56,https://www.redfin.com/MA/Boston/98-Prescott-St-02128/unit-1/home/193207835
57,https://www.redfin.com/MA/South-Boston/723-E-4th-St-02127/unit-3/home/9323662
58,https://www.redfin.com/MA/Boston/49-51-Callender-St-02124/home/193205312
59,https://www.redfin.com/MA/East-Boston/190-Orient-Ave-02128/home/9109720
60,https://www.redfin.com/MA/Boston/272-E-Eagle-St-02128/unit-4/home/193204450
61,https://www.redfin.com/MA/Boston/30-Concord-Sq-02118/unit-1/home/193204328
62,https://www.redfin.com/MA/East-Boston/25-Everett-St-02128/unit-4/home/193204206
63,https://www.redfin.com/MA/Charlestown/331-Bunker-Hill-St-02129/home/9055212
64,https://www.redfin.com/MA/Boston/11-Park-Dr-02215/unit-7/home/9273463
65,https://www.redfin.com/MA/Roxbury/1166-Washington-St-02118/unit-704-6/home/21719272
66,https://www.redfin.com/MA/Boston/110-112-Commercial-St-02109/unit-2/home/9268216
67,https://www.redfin.com/MA/Charlestown/197-8th-St-02129/unit-616/home/11504161
68,https://www.redfin.com/MA/Boston/71-W-Cedar-St-02114/unit-4/home/193192769
69,https://www.redfin.com/MA/Boston/148-Lexington-St-02128/unit-1/home/193192361
70,https://www.redfin.com/MA/South-Boston/76-Marine-Rd-02127/unit-2/home/9298940
71,https://www.redfin.com/MA/Boston/244-Beacon-St-02116/unit-1B/home/9306512
72,https://www.redfin.com/MA/South-Boston/259-261-Emerson-St-02127/home/191012503
73,https://www.redfin.com/MA/Boston/229-Harrison-Ave-02111/home/9279238
74,https://www.redfin.com/MA/Jamaica-Plain/8-Jess-St-02130/home/9145087
75,https://www.redfin.com/MA/Dorchester/38-Pleasant-St-02125/unit-2/home/9063119
76,https://www.redfin.com/MA/South-Boston/67-Old-Harbor-St-02127/home/9196009
77,https://www.redfin.com/MA/Dorchester/60-Callender-St-02124/home/9098749
78,https://www.redfin.com/MA/West-Roxbury/92-Corey-St-02132/home/9302406
79,https://www.redfin.com/MA/Roslindale/163-165-Cornell-St-02131/unit-2/home/173630600
80,https://www.redfin.com/MA/West-Roxbury/92-Corey-St-02132/unit-2/home/137869780
81,https://www.redfin.com/MA/Boston/1789-Centre-St-02132/unit-205/home/167115215
82,https://www.redfin.com/MA/West-Roxbury/63-Gould-St-02132/home/9218923
83,https://www.redfin.com/MA/Jamaica-Plain/30-32-Goodrich-Rd-02130/home/9144349
84,https://www.redfin.com/MA/Boston/40-Pinckney-St-02114/home/9259155
85,https://www.redfin.com/MA/West-Roxbury/5205-Washington-St-02132/unit-401/home/193185468
86,https://www.redfin.com/MA/Boston/1-Avery-St-02111/unit-29D/home/9312619
87,https://www.redfin.com/MA/Dorchester/44-Percival-St-02122/home/9077803
88,https://www.redfin.com/MA/Brighton/2-Chestnut-Pl-02135/home/189961239
89,https://www.redfin.com/MA/Roxbury/74-Dale-St-02119/home/9298266
90,https://www.redfin.com/MA/Jamaica-Plain/4-Hagar-St-02130/unit-1/home/145601791
91,https://www.redfin.com/MA/Boston/599-Tremont-St-02118/unit-6/home/9301592
92,https://www.redfin.com/MA/East-Boston/156-Porter-St-02128/unit-138/home/11740478
93,https://www.redfin.com/MA/Boston/6-Whittier-Pl-02114/unit-10A/home/9228299
94,https://www.redfin.com/MA/Brighton/180-Telford-St-02135/unit-417/home/171787853
95,https://www.redfin.com/MA/Mattapan/27-Hosmer-St-02126/unit-6/home/12428399
96,https://www.redfin.com/MA/Boston/2-Powers-Ct-02109/home/9263994
97,https://www.redfin.com/MA/Boston/39-41-Mount-Vernon-St-02114/unit-V/home/193180400
98,https://www.redfin.com/MA/Chelsea/25-Division-St-02150/home/9001593
99,https://www.redfin.com/MA/Jamaica-Plain/307-Hyde-Park-Ave-02130/unit-1/home/12298109
100,https://www.redfin.com/MA/Boston/55-Lagrange-St-02116/unit-21E/home/185441233
101,https://www.redfin.com/MA/Boston/55-Lagrange-St-02116/unit-1802/home/184180541
102,https://www.redfin.com/MA/Boston/55-Lagrange-St-02116/unit-1401/home/193179339
103,https://www.redfin.com/MA/Boston/55-Lagrange-St-02116/unit-2001/home/193179338
104,https://www.redfin.com/MA/Boston/55-Lagrange-St-02116/unit-1204/home/186901612
105,https://www.redfin.com/MA/Boston/55-Lagrange-St-02116/unit-304/home/183119948
106,https://www.redfin.com/MA/Boston/55-Lagrange-St-02116/unit-710/home/185441235
107,https://www.redfin.com/MA/Boston/55-Lagrange-St-02116/unit-1202/home/181791745
108,https://www.redfin.com/MA/Boston/55-Lagrange-St-02116/unit-1206/home/193179096
109,https://www.redfin.com/MA/Boston/55-Lagrange-St-02116/unit-809/home/190546423
110,https://www.redfin.com/MA/Boston/55-Lagrange-St-02116/unit-1207/home/188595762
111,https://www.redfin.com/MA/Brighton/330-Summit-Ave-02135/unit-101/home/12016677
112,https://www.redfin.com/MA/Dorchester/41-Pearl-St-02125/unit-3/home/11838037
113,https://www.redfin.com/MA/Dorchester/18-20-Parkman-St-02122/unit-4/home/193174267
114,https://www.redfin.com/MA/West-Roxbury/1216-Vfw-Pkwy-02132/unit-40/home/9201280
115,https://www.redfin.com/MA/Boston/12-Stoneholm-St-02115/unit-430/home/12440100
116,https://www.redfin.com/MA/Boston/682-Atlantic-Ave-02111/unit-38L/home/193173925
117,https://www.redfin.com/MA/West-Roxbury/22-Gould-St-02132/home/85682933
118,https://www.redfin.com/MA/Roxbury/100-Shawmut-Ave-02118/unit-415/home/177072638
119,https://www.redfin.com/MA/Roxbury/87-E-Brookline-St-02118/unit-3/home/9327180
120,https://www.redfin.com/MA/Boston/778-Boylston-St-02199/unit-5C/home/64815578
121,https://www.redfin.com/MA/Boston/3-Bellflower-St-02125/unit-3/home/193172203
122,https://www.redfin.com/MA/Boston/303-Columbus-Ave-02116/unit-302/home/21721444
123,https://www.redfin.com/MA/Boston/53-Lexington-St-02128/unit-3/home/160536029
124,https://www.redfin.com/MA/Roxbury/11-Burrell-St-02119/home/9292181
125,https://www.redfin.com/MA/Dorchester/2089-Dorchester-Ave-02124/unit-1/home/11833854
126,https://www.redfin.com/MA/Dorchester/79-Butler-St-02124/home/9104135
127,https://www.redfin.com/MA/Jamaica-Plain/461-Arborway-02130/unit-2/home/9140301
128,https://www.redfin.com/MA/Charlestown/30-Monument-Sq-02129/unit-202/home/9227198
129,https://www.redfin.com/MA/Boston/32-Orleans-St-02128/unit-4/home/193158526
130,https://www.redfin.com/MA/Jamaica-Plain/32-Robinwood-Ave-02130/unit-3/home/9139086
131,https://www.redfin.com/MA/Boston/437-Chelsea-St-02128/unit-2/home/191886953
132,https://www.redfin.com/MA/South-Boston/362-Silver-St-02127/home/9194314
133,https://www.redfin.com/MA/Boston/328-W-3rd-St-02127/unit-1/home/172405761
134,https://www.redfin.com/MA/West-Roxbury/18-Gloria-Rd-02132/home/9203445
135,https://www.redfin.com/MA/Boston/144-144A-Salem-St-02113/home/188722485
136,https://www.redfin.com/MA/South-Boston/335-K-St-02127/home/9194157
137,https://www.redfin.com/MA/Boston/743-E-4th-St-02127/unit-203/home/179612044
138,https://www.redfin.com/MA/Charlestown/197-8th-St-02129/unit-425/home/9308455
139,https://www.redfin.com/MA/South-Boston/100-F-St-02127/home/9195273
140,https://www.redfin.com/MA/East-Boston/148-Falcon-St-02128/unit-1/home/193153164
141,https://www.redfin.com/MA/Boston/358-Marlborough-St-02115/home/9246071
142,https://www.redfin.com/MA/Brookline/240-Aspinwall-Ave-02445/home/11461818
143,https://www.redfin.com/MA/Brighton/8-10-Newcastle-Rd-02135/home/193152668
144,https://www.redfin.com/MA/Dorchester/65-Auckland-St-02125/unit-2/home/39913050
145,https://www.redfin.com/MA/South-Boston/350-W-2nd-St-02127/unit-301/home/193152218
146,https://www.redfin.com/MA/West-Roxbury/5205-Washington-St-02132/unit-303/home/191090531
147,https://www.redfin.com/MA/Roslindale/69-Bradfield-Ave-02131/unit-1/home/9300527
148,https://www.redfin.com/MA/Dorchester/26-Newport-St-02125/unit-2/home/113614837
149,https://www.redfin.com/MA/South-Boston/125-B-St-02127/unit-2A/home/12547889
150,https://www.redfin.com/MA/Boston/150-Seaport-Blvd-02210/unit-5G/home/193149512
151,https://www.redfin.com/MA/Boston/330-Beacon-St-02116/unit-72/home/193149390
152,https://www.redfin.com/MA/Roxbury/2855-2859-Washington-St-02119/unit-8/home/9327041
153,https://www.redfin.com/MA/Charlestown/47-Harvard-St-02129/unit-PS104/home/193148951
154,https://www.redfin.com/MA/Charlestown/30-Harvard-St-02129/home/9057324
155,https://www.redfin.com/MA/Jamaica-Plain/3-Parley-Vale-02130/unit-2/home/9144183
156,https://www.redfin.com/MA/Dorchester/275-Gallivan-Blvd-02124/unit-2/home/11736886
157,https://www.redfin.com/MA/Jamaica-Plain/85-Child-St-02130/unit-2/home/9225314
158,https://www.redfin.com/MA/Boston/2-Clarendon-St-02116/unit-105/home/9232889
159,https://www.redfin.com/MA/Roxbury/257-Northampton-St-02118/unit-312/home/45407423
160,https://www.redfin.com/MA/Chestnut-Hill/2400-Beacon-St-02467/unit-211/home/12431179
161,https://www.redfin.com/MA/East-Boston/172-Cowper-St-02128/unit-2/home/193145921
162,https://www.redfin.com/MA/Boston/430-Stuart-St-02116/unit-1516/home/186065776
163,https://www.redfin.com/MA/Boston/41-Goldfinch-Ct-02126/unit-41/home/193144414
164,https://www.redfin.com/MA/Mattapan/4-Goldfinch-Ct-02126/unit-4/home/193144408
165,https://www.redfin.com/MA/Boston/85-Willow-Ct-02125/unit-201/home/148722285
166,https://www.redfin.com/MA/Brighton/59-Lanark-Rd-02135/unit-9/home/9004727
167,https://www.redfin.com/MA/Jamaica-Plain/47-Montebello-Rd-02130/unit-2/home/9299671
168,https://www.redfin.com/MA/Jamaica-Plain/120-Child-St-02130/unit-2/home/171787210
169,https://www.redfin.com/MA/Boston/783-Washington-St-02124/unit-1/home/192070633
170,https://www.redfin.com/MA/West-Roxbury/108-Woodley-Ave-02132/home/9221944
171,https://www.redfin.com/MA/Newton/75-Huntington-Rd-02458/home/11474239
172,https://www.redfin.com/MA/South-Boston/428-E-8th-St-02127/unit-1/home/9187497
173,https://www.redfin.com/MA/Boston/22-Gaylord-St-02124/unit-1/home/193117948
174,https://www.redfin.com/MA/East-Boston/268-Bremen-St-02128/unit-2/home/193117185
175,https://www.redfin.com/MA/West-Roxbury/46-Perham-St-02132/home/11508631
176,https://www.redfin.com/MA/Boston/132-Commonwealth-Ave-02116/home/145278131
177,https://www.redfin.com/MA/Boston/170-Tremont-St-02111/unit-702/home/9232252
178,https://www.redfin.com/MA/Boston/170-Tremont-St-02111/unit-1406/home/9232371
179,https://www.redfin.com/MA/South-Boston/667-E-7th-St-02127/unit-1/home/18982611
180,https://www.redfin.com/MA/Charlestown/22-Belmont-St-02129/home/9055284
181,https://www.redfin.com/MA/Boston/90-Havre-St-02128/unit-3/home/172267968
182,https://www.redfin.com/MA/Boston/23-Piedmont-St-02116/home/76617305
183,https://www.redfin.com/MA/Brighton/15-Commonwealth-Ct-02135/unit-14/home/9014625
184,https://www.redfin.com/MA/Brighton/8-Kilsyth-Ter-02135/unit-43/home/9024237
185,https://www.redfin.com/MA/South-Boston/765-E-Broadway-02127/unit-1/home/18982955
186,https://www.redfin.com/MA/West-Roxbury/375-Baker-St-02132/home/9215468
187,https://www.redfin.com/MA/Boston/135-Seaport-Blvd-02210/unit-1603/home/174973479
188,https://www.redfin.com/MA/Jamaica-Plain/143-171-Hyde-Park-Ave-02130/unit-155A/home/146050711
189,https://www.redfin.com/MA/Boston/1-Franklin-St-02110/unit-3504/home/145254602
190,https://www.redfin.com/MA/Boston/133-Seaport-Blvd-02210/unit-808/home/147045156
191,https://www.redfin.com/MA/Boston/425-Beacon-St-02115/unit-1/home/9238651
192,https://www.redfin.com/MA/Boston/381-Beacon-St-02116/home/9245126
193,https://www.redfin.com/MA/Boston/8-Garrison-St-02116/unit-104/home/9272796
194,https://www.redfin.com/MA/South-Boston/616-E-4th-St-02127/unit-205/home/52058904
195,https://www.redfin.com/MA/Dorchester/25-Rowell-St-02125/home/11834412
196,https://www.redfin.com/MA/Boston/1200-Washington-St-02118/home/53766616
197,https://www.redfin.com/MA/Dorchester/121-E-Cottage-St-02125/unit-7/home/17457457
198,https://www.redfin.com/MA/Roslindale/60-Seymour-St-02131/unit-1/home/146044523
199,https://www.redfin.com/MA/Dorchester/36-Mount-Ida-Rd-02122/unit-3/home/9063735
200,https://www.redfin.com/MA/West-Roxbury/129-Willow-St-02132/unit-1/home/187202514
201,https://www.redfin.com/MA/Charlestown/38-Allston-St-02129/home/9056221
202,https://www.redfin.com/MA/Roslindale/16-Mosgrove-Ave-02131/home/9176616
203,https://www.redfin.com/MA/Dorchester/4-Abbot-St-02124/home/9088388
204,https://www.redfin.com/MA/West-Roxbury/139-Westmoor-Rd-02132/home/9221847
205,https://www.redfin.com/MA/Boston/16-Whitford-St-02131/home/191446200
206,https://www.redfin.com/MA/Hyde-Park/1531-River-St-02136/unit-1531/home/193091995
207,https://www.redfin.com/MA/Allston/147-Kelton-St-02134/unit-710/home/8987361
208,https://www.redfin.com/MA/Jamaica-Plain/31-Plainfield-St-02130/unit-2/home/113747534
209,https://www.redfin.com/MA/Dorchester/37-Msgr-Patrick-J-Lydon-Way-02124/home/9089695
210,https://www.redfin.com/MA/Boston/1948-Washington-St-02118/unit-5F/home/184580152
211,https://www.redfin.com/MA/West-Roxbury/5205-Washington-St-02132/unit-304/home/193057743
212,https://www.redfin.com/MA/Boston/14-Robey-St-02119/unit-14/home/138370480
213,https://www.redfin.com/MA/Hyde-Park/60-A-Harvard-Ave-02136/unit-60A/home/193053949
214,https://www.redfin.com/MA/Dorchester/22-Vinson-St-02124/unit-3/home/12431501
215,https://www.redfin.com/MA/Boston/285-Columbus-Ave-02116/unit-407/home/12442928
216,https://www.redfin.com/MA/Boston/34-Garden-St-02114/unit-1/home/9315329
217,https://www.redfin.com/MA/Boston/4459-Washington-St-02131/unit-1/home/193046116
218,https://www.redfin.com/MA/Boston/33-Sleeper-St-02210/unit-606/home/9252893
219,https://www.redfin.com/MA/Boston/188-Brookline-Ave-02215/unit-27F/home/171787744
220,https://www.redfin.com/MA/Dorchester/132-King-St-02122/unit-1/home/12431897
221,https://www.redfin.com/MA/Boston/68-Orient-Ave-02128/unit-2/home/193045406
222,https://www.redfin.com/MA/Charlestown/18R-Polk-St-02129/home/193045295
223,https://www.redfin.com/MA/Boston/286-Cambridge-St-02114/unit-3/home/186204864
224,https://www.redfin.com/MA/Mission-Hill/222-224-Calumet-St-02120/home/190785830
225,https://www.redfin.com/MA/Roxbury/16-Milford-St-02118/home/9280868
226,https://www.redfin.com/MA/Boston/80-Broad-St-02110/unit-907/home/12439573
227,https://www.redfin.com/MA/Boston/22-Liberty-Dr-02210/unit-9M/home/114037279
228,https://www.redfin.com/MA/Roxbury/21-Marshfield-St-02119/home/9292267
229,https://www.redfin.com/MA/Roxbury/705-Massachusetts-Ave-02118/unit-8/home/9304878
230,https://www.redfin.com/MA/Boston/51-Malcolm-Unknown/home/193024221
231,https://www.redfin.com/MA/Roxbury/34-Dwight-St-02118/unit-2/home/85680576
232,https://www.redfin.com/MA/Waterfront/158-Commercial-St-02109/unit-6/home/104281132
233,https://www.redfin.com/MA/Boston/183-185-Massachusetts-Ave-02115/unit-602/home/114073789
234,https://www.redfin.com/MA/Brighton/31-Newton-St-02135/home/9030325
235,https://www.redfin.com/MA/Boston/240-Devonshire-St-02110/unit-5308/home/190211729
236,https://www.redfin.com/MA/South-Boston/509-E-1st-St-02127/unit-5/home/171788894
237,https://www.redfin.com/MA/South-Boston/832-E-3rd-St-02127/unit-1/home/193017136
238,https://www.redfin.com/MA/Allston/244-Brighton-Ave-02134/unit-302/home/9326940
239,https://www.redfin.com/MA/South-Boston/39-Story-St-02127/unit-2/home/9309658
240,https://www.redfin.com/MA/Brighton/1501-Commonwealth-Ave-02135/unit-2/home/101661822
241,https://www.redfin.com/MA/Brighton/25-Bentley-St-02135/unit-3/home/187966138
242,https://www.redfin.com/MA/Boston/250-Commonwealth-Ave-02116/unit-14/home/9266607
243,https://www.redfin.com/MA/Chestnut-Hill/50-56-Broadlawn-Park-02467/unit-105/home/9205171
244,https://www.redfin.com/MA/Boston/111-Jersey-St-02215/unit-23D/home/9274545
245,https://www.redfin.com/MA/Boston/1-Charles-St-S-02116/unit-1412/home/9330086
246,https://www.redfin.com/MA/Boston/2-Hawthorne-Pl-02114/unit-7H/home/9274830
247,https://www.redfin.com/MA/Dorchester/56-East-St-02122/unit-1/home/147386110
248,https://www.redfin.com/MA/Boston/223-W-Newton-St-02116/unit-1/home/9274462
249,https://www.redfin.com/MA/Newton/7-Nonantum-St-02458/unit-7/home/40371127
250,https://www.redfin.com/MA/Boston/49-Melcher-St-02210/unit-205/home/177425740
251,https://www.redfin.com/MA/Boston/240-Devonshire-St-02110/unit-4305/home/187502007
252,https://www.redfin.com/MA/Charlestown/4-Hill-St-02129/home/9055946
253,https://www.redfin.com/MA/Dorchester/135-Granite-Ave-02124/unit-36/home/9105920
254,https://www.redfin.com/MA/Charlestown/20-Chestnut-St-02129/unit-1/home/9057139
255,https://www.redfin.com/MA/Jamaica-Plain/425-S-Huntington-Ave-02130/unit-14/home/9142026
256,https://www.redfin.com/MA/Boston/57-Fulton-St-02109/unit-4/home/9268002
257,https://www.redfin.com/MA/Dorchester/80-Florida-St-02124/unit-7/home/9330339
258,https://www.redfin.com/MA/Boston/325-Columbus-Ave-02116/unit-2/home/9249382
259,https://www.redfin.com/MA/South-Boston/25-Lennon-Ct-02127/unit-28/home/11836322
260,https://www.redfin.com/MA/Boston/14-Clarendon-St-02116/unit-402/home/9233087
261,https://www.redfin.com/MA/Jamaica-Plain/16-McBride-St-02130/unit-2/home/144228593
262,https://www.redfin.com/MA/Boston/210-H-St-02127/unit-A/home/193005006
263,https://www.redfin.com/MA/Dorchester/130-Wrentham-St-02124/unit-1/home/175166041
264,https://www.redfin.com/MA/Allston/178-Brighton-Ave-02134/unit-4/home/9308723
265,https://www.redfin.com/MA/Boston/17-W-Bellflower-St-02125/unit-1/home/186359801
266,https://www.redfin.com/MA/Jamaica-Plain/66-Mozart-St-02130/home/9143236
267,https://www.redfin.com/MA/Roslindale/39-Navarre-St-02131/home/9175917
268,https://www.redfin.com/MA/Boston/192-Commonwealth-Ave-02116/unit-6/home/9264851
269,https://www.redfin.com/MA/East-Boston/148-Falcon-St-02128/unit-3/home/193001516
270,https://www.redfin.com/MA/East-Boston/148-Falcon-St-02128/unit-2/home/193001506
271,https://www.redfin.com/MA/South-Boston/224-W-9th-St-02127/unit-1/home/190765872
272,https://www.redfin.com/MA/Roxbury/198-W-Springfield-St-02118/unit-3/home/9287115
273,https://www.redfin.com/MA/Boston/338-Marlborough-St-02115/unit-3/home/9238758
274,https://www.redfin.com/MA/Dorchester/9-Batchelder-St-02125/unit-1/home/181759662
275,https://www.redfin.com/MA/Boston/25-Channel-Ctr-St-02210/unit-811/home/11511777
276,https://www.redfin.com/MA/Boston/135-Seaport-Blvd-02210/unit-1807/home/173331850
277,https://www.redfin.com/MA/Boston/16-Whitford-St-02131/unit-2/home/192993369
278,https://www.redfin.com/MA/Boston/116-Moore-St-02128/unit-304/home/192992601
279,https://www.redfin.com/MA/East-Boston/1106-Saratoga-St-02128/home/9110580
280,https://www.redfin.com/MA/Roslindale/60-Averton-St-02131/home/9175201
281,https://www.redfin.com/MA/Boston/2-Hawthorne-Pl-02114/unit-3F/home/9274690
282,https://www.redfin.com/MA/Brookline/20-Chapel-St-02446/unit-C505/home/12458535
283,https://www.redfin.com/MA/Jamaica-Plain/135-Perkins-St-02130/unit-TH11/home/192988770
284,https://www.redfin.com/MA/Jamaica-Plain/111-Perkins-St-02130/unit-217/home/55505585
285,https://www.redfin.com/MA/Jamaica-Plain/66-Round-Hill-St-02130/home/9146921
286,https://www.redfin.com/MA/Boston/60-Charlesgate-W-02215/unit-BA/home/9268817
287,https://www.redfin.com/MA/Boston/581-E-8th-St-02127/home/9194007
288,https://www.redfin.com/MA/Boston/2-Hawthorne-Pl-02114/unit-6M/home/9274805
289,https://www.redfin.com/MA/Boston/69-Lubec-St-02128/unit-402/home/181891156
290,https://www.redfin.com/MA/Boston/430-Stuart-St-02116/unit-25D/home/186044791
291,https://www.redfin.com/MA/Hyde-Park/9-Church-St-02136/home/9122233
292,https://www.redfin.com/MA/East-Boston/75-Webster-St-02128/home/9112043
293,https://www.redfin.com/MA/Boston/127-E-Cottage-St-02125/unit-1/home/179374654
294,https://www.redfin.com/MA/South-Boston/581-E-Broadway-02127/unit-1/home/9314782
295,https://www.redfin.com/MA/Boston/220-Boylston-St-02116/unit-1216/home/11509822
296,https://www.redfin.com/MA/Boston/31-Pinckney-St-02114/unit-1/home/9257990
297,https://www.redfin.com/MA/South-Boston/267-Old-Colony-Ave-02127/unit-404/home/192976048
298,https://www.redfin.com/MA/Boston/466-Park-Dr-02215/unit-1/home/166865172
299,https://www.redfin.com/MA/Dorchester/12-Ashland-St-02122/home/9074635
300,https://www.redfin.com/MA/Milton/21A-High-St-02186/unit-1/home/171033323
301,https://www.redfin.com/MA/East-Boston/107-Barnes-Ave-02128/home/9110532
302,https://www.redfin.com/MA/Boston/110-Stuart-St-02116/unit-16D/home/39913440
303,https://www.redfin.com/MA/Boston/778-Boylston-St-02199/unit-7E/home/66079632
304,https://www.redfin.com/MA/Boston/172-Boylston-St-02130/unit-3/home/192971527
305,https://www.redfin.com/MA/Roslindale/25-Crandall-St-02131/home/9174541
306,https://www.redfin.com/MA/Boston/99-Sumner-St-02128/unit-621/home/148424173
307,https://www.redfin.com/MA/Boston/110-Stuart-St-02116/unit-23G/home/39913262
308,https://www.redfin.com/MA/Boston/355-Congress-St-02210/unit-2/home/39912392
309,https://www.redfin.com/MA/Boston/431-Marlborough-St-02115/home/9240015
310,https://www.redfin.com/MA/Brighton/121-Tremont-St-02135/unit-1/home/9040641
311,https://www.redfin.com/MA/Newton/35-Hunnewell-Ave-02458/home/11471345
312,https://www.redfin.com/MA/Boston/53-Chestnut-St-02108/home/9260180
313,https://www.redfin.com/MA/Boston/411-Marlborough-St-02115/unit-7/home/9243947
314,https://www.redfin.com/MA/Boston/44-Ellery-St-02127/unit-402/home/192953165
315,https://www.redfin.com/MA/Dorchester/80-Beaumont-St-02124/unit-206/home/9097905
316,https://www.redfin.com/MA/Hyde-Park/99-Pierce-St-02136/home/9127703
317,https://www.redfin.com/MA/Charlestown/23-Prescott-St-02129/home/9057453
318,https://www.redfin.com/MA/Dorchester/19-Bradshaw-St-02121/home/11505281
319,https://www.redfin.com/MA/Roxbury/681-Massachusetts-Ave-02118/unit-4/home/9285850
320,https://www.redfin.com/MA/Boston/175-School-St-02119/unit-2/home/192939784
321,https://www.redfin.com/MA/Boston/38-Colonial-Ave-02124/unit-1/home/171793271
322,https://www.redfin.com/MA/Roxbury/36-Worcester-Sq-02118/unit-4/home/9285078
323,https://www.redfin.com/MA/Hyde-Park/4-Adams-St-02136/home/9130252
324,https://www.redfin.com/MA/Boston/100-Shawmut-Ave-02118/unit-706/home/176223478
325,https://www.redfin.com/MA/Charlestown/61-Lawrence-St-02129/home/9058134
326,https://www.redfin.com/MA/Roslindale/818-South-St-02131/unit-2L/home/9300628
327,https://www.redfin.com/MA/Boston/21-Temple-St-02114/unit-G/home/11837091
328,https://www.redfin.com/MA/South-Boston/677-E-7th-St-02127/unit-1/home/55258637
329,https://www.redfin.com/MA/Boston/62-Haynes-St-02128/unit-2/home/191142208
330,https://www.redfin.com/MA/East-Boston/156-Porter-St-02128/unit-211/home/11740577
331,https://www.redfin.com/MA/Boston/125-Redlands-Rd-02132/unit-2/home/192408741
332,https://www.redfin.com/MA/Dorchester/15-W-Bellflower-St-02125/unit-2/home/143986663
333,https://www.redfin.com/MA/Chelsea/6-Ferry-St-02150/unit-6/home/179760714
334,https://www.redfin.com/MA/Boston/121-Beach-St-02111/unit-102/home/187110261
335,https://www.redfin.com/MA/Boston/106-Myrtle-St-02114/unit-8/home/9256653
336,https://www.redfin.com/MA/Jamaica-Plain/53-Brookside-Ave-02130/home/9145897
337,https://www.redfin.com/MA/Roslindale/37-Halliday-St-02131/home/11836258
338,https://www.redfin.com/MA/Boston/9-Glover-Ct-02127/unit-3/home/185736239
339,https://www.redfin.com/MA/Boston/9-Glover-Ct-02127/unit-1/home/185082537
340,https://www.redfin.com/MA/Boston/24-Montrose-St-02119/unit-2/home/192272071
341,https://www.redfin.com/MA/Boston/24-Montrose-St-02119/unit-1/home/192272064
342,https://www.redfin.com/MA/Roxbury/24-Montrose-St-02119/home/11837251
343,https://www.redfin.com/MA/Roslindale/443-Poplar-St-02131/home/9178314
344,https://www.redfin.com/MA/Boston/140-Shawmut-Ave-02118/unit-2A/home/103827045
345,https://www.redfin.com/MA/South-Boston/844-E-Broadway-02127/unit-1/home/11734671
346,https://www.redfin.com/MA/Brighton/99-Tremont-St-02135/unit-415/home/145879545
347,https://www.redfin.com/MA/Brighton/84-Gordon-St-02135/unit-204/home/9226544
348,https://www.redfin.com/MA/Dorchester/15-W-Cottage-St-02125/home/184573284
349,https://www.redfin.com/MA/Boston/24-Washington-St-02129/home/193148949
350,https://www.redfin.com/MA/Mattapan/156-Wellington-Hill-St-02126/home/173212979
